cuiimtclaimantuser78f85c2cf2494ea4b15563fb13afdbf3@gmail.com,cuiimtdefuser1f2f823826d246b0885596dada9e00a4@gmail.com,Password12!,1790243312323569
cuiimtclaimantuser7956d1cd03664e7fba15d9f5646641ad@gmail.com,cuiimtdefuser8539312bee0e484d9de81a27b9d78024@gmail.com,Password12!,1790243320784471
cuiimtclaimantuser58ccd787eb684a119b2eccb55a973549@gmail.com,cuiimtdefuser3f14788aa28a4c8789fed1b988131118@gmail.com,Password12!,1790243312898578
cuiimtclaimantuserc3ef77f81a444459b825a50d2348bf2c@gmail.com,cuiimtdefuser134d16ddafab43288dcca8d0801a28b3@gmail.com,Password12!,1790243331576197
cuiimtclaimantuserb4c9c643b52141f1ac82984a2d49bb15@gmail.com,cuiimtdefuserc3ae3f33260e4f6e8d2994df3c9102f9@gmail.com,Password12!,1790243309824710
cuiimtclaimantuser9e67751750eb44a7bedb3b6dacdf3ab7@gmail.com,cuiimtdefuser56b6ca3604ae4482b7916c107601ea33@gmail.com,Password12!,1790247333458387
cuiimtclaimantuser3997e34ae08c41b59e65c6a09b3b6777@gmail.com,cuiimtdefuser37b4ecea3f88482fa8e1acf43ac809f6@gmail.com,Password12!,1790247421776138
cuiimtclaimantuser106137d302c741e2875308d26eb29ffd@gmail.com,cuiimtdefuser4df8903397c242b5a60ec7140926940d@gmail.com,Password12!,1790247525382114
cuiimtclaimantusera541eec6e8114ac2938abcb2ea87d994@gmail.com,cuiimtdefuserfd43c6b262ff42a8b14c9003c8a06c4c@gmail.com,Password12!,1790247810806538
cuiimtclaimantuser5f4978cd2cc44fb68f20d27828b8239d@gmail.com,cuiimtdefusere041447e382242919d0afecc6ff68356@gmail.com,Password12!,1790247804584232
cuiimtclaimantuserb896d249687145358ca2860e303fd993@gmail.com,cuiimtdefuser6f7053cccc4740509d9f9651802a6b23@gmail.com,Password12!,1790247817063844
cuiimtclaimantuser450a87a98be3495e8f688edfda358c90@gmail.com,cuiimtdefuser41986e095f514f229baa3819cf12e4ef@gmail.com,Password12!,1790247777895656
cuiimtclaimantuser42cc839c81554d0c9b5bdeba955516fa@gmail.com,cuiimtdefuser8c713705ace145d0aeb6faa0f5091c79@gmail.com,Password12!,1790247784258302
cuiimtclaimantusere9a5e1b89bf94dbbbcfd523e7cdbd586@gmail.com,cuiimtdefuser7d234e9f5714451292b013127b68bde3@gmail.com,Password12!,1790247818492760
cuiimtclaimantusera607b098188840ef92244f80d08a3bf8@gmail.com,cuiimtdefuser0d9da37253fd4360987c469e3474f6f8@gmail.com,Password12!,1790247827176024
cuiimtclaimantuserc77310d22e514150953506e8965c285b@gmail.com,cuiimtdefuser185f145adbee43d7b2f334170db0c018@gmail.com,Password12!,1790247784486242
cuiimtclaimantuser3acd2ca688264751932860ed17c1ae2d@gmail.com,cuiimtdefuserd6308d23778a47de95e5f10e7e43d648@gmail.com,Password12!,1790247857233612
cuiimtclaimantusera473bbed0a664565a5bf0fe1a904914c@gmail.com,cuiimtdefuser097554054e654f47af24fec6a967d2c3@gmail.com,Password12!,1790247901451731
cuiimtclaimantuserd2a75d8e822a4feaa7c638ef50289f15@gmail.com,cuiimtdefuser88df8fb3f23742f9b839aedfa855bd38@gmail.com,Password12!,1790247908614844
cuiimtclaimantuserf1c5b675f35f447bb6ff9d5e7d643c93@gmail.com,cuiimtdefusercf670db90ea042f0823a995b96ef81f1@gmail.com,Password12!,1790247916046641
cuiimtclaimantuser92ad94c5b2de4e8680038ae32eec9a9f@gmail.com,cuiimtdefuserbef413c34a4540238edc6f967e165307@gmail.com,Password12!,1790247902222099
cuiimtclaimantuseracad3f17184444e69c6143b90071d60c@gmail.com,cuiimtdefuser716e79d9de0c4460a55c6ceb0aad44d0@gmail.com,Password12!,1790247908630634
cuiimtclaimantusera4e576b7c22b485ea89084074934add0@gmail.com,cuiimtdefuser23666f1ad10c41dba8dbccec5e6a2515@gmail.com,Password12!,1790247935421486
cuiimtclaimantuserdf04ff466d234b58a1275fef7d867ab7@gmail.com,cuiimtdefuser209278dd3ea740deb989c1ad94fb2b67@gmail.com,Password12!,1790247930106066
cuiimtclaimantusere83f0624fcca47b8923144bb92cfdf52@gmail.com,cuiimtdefuserd90d505c61f8435b8f139b9a7ec3d5bc@gmail.com,Password12!,1790247935202621
cuiimtclaimantuserc9c6918488774afd8e55baa5d1308dec@gmail.com,cuiimtdefuser2b50d06ca1e14350a509966bd1e292b1@gmail.com,Password12!,1790247902333383
cuiimtclaimantuserbc8fedee93434909beb34a7220be5387@gmail.com,cuiimtdefusercae02f596be643fea25883cef206c899@gmail.com,Password12!,1790247977219806
cuiimtclaimantuser2864cbdfc70c4338b66d34f4f8df4de6@gmail.com,cuiimtdefuserc783266de55b4c07ac6d128927975011@gmail.com,Password12!,1790247978004702
cuiimtclaimantuser4b42748b921f4ebbab41fe26ff1d2d8c@gmail.com,cuiimtdefuser322616edc22b41c8897852e8cc0ddddd@gmail.com,Password12!,1790247998526478
cuiimtclaimantuser7a8f4ff630ed45d49198954341f98e84@gmail.com,cuiimtdefuser3b635365086d49189ce62e886361292f@gmail.com,Password12!,1790248003365696
cuiimtclaimantuserf7df5009aaee4dd3865076a073b7da68@gmail.com,cuiimtdefuserd04ebc9ef6d345f38e53f3d97d96b06e@gmail.com,Password12!,1790248001376653
cuiimtclaimantuser22a273ba91c143a490b620560d8fb164@gmail.com,cuiimtdefuser9bb195146b36416ca77cc95c9decb126@gmail.com,Password12!,1790247994707452
cuiimtclaimantuser32a8f1acd5b54794acc65ec7d50d1bc2@gmail.com,cuiimtdefuserf36a498c67554556bf47207a77df31d1@gmail.com,Password12!,1790248002505110
cuiimtclaimantuserc7f5c62896f3471c8a5a4c038aa44838@gmail.com,cuiimtdefuserb2b00dd570944d218d8058fb888e34be@gmail.com,Password12!,1790248012388101
cuiimtclaimantuser17f18986bf264c059f715623c21931b8@gmail.com,cuiimtdefuser5db237f4b2c9447c8d879ae9cb358c24@gmail.com,Password12!,1790248009837730
cuiimtclaimantuser5a8fd34d8af14b118ce4e38987430138@gmail.com,cuiimtdefuser51986cf028fd4ab6a7151778f3cbadb6@gmail.com,Password12!,1790248007022301
cuiimtclaimantuserc02a378858a14c288c9fec055658b445@gmail.com,cuiimtdefuser369c5b42dfcd4150ace20a243b98ad92@gmail.com,Password12!,1790248010051230
cuiimtclaimantuser88d0fd7c32d44eae98b09b3b95e5b5d0@gmail.com,cuiimtdefuser2334381d48df4067b9b2325bf78d7880@gmail.com,Password12!,1790247974997081
cuiimtclaimantuserc4558991f58d4b42a6c49ec991165beb@gmail.com,cuiimtdefuser5183e8e66c454fbfabadec15c7326088@gmail.com,Password12!,1790248013287682
cuiimtclaimantuser01d54361949b4e3d97abaf50aed3526b@gmail.com,cuiimtdefuser615114c894d346b1b4b789df45519584@gmail.com,Password12!,1790248015081984
cuiimtclaimantuser4df99f32a01740bcb467e3b4f5c84d4d@gmail.com,cuiimtdefuser85fe0f44ca1d4d5a92ab5b6ba708c03f@gmail.com,Password12!,1790248014057670
cuiimtclaimantuser03e0360274cf48c8844d2df06a705a99@gmail.com,cuiimtdefuser9fd37707dbe24f5dbb1cbe7d70333358@gmail.com,Password12!,1790248037437438
cuiimtclaimantusera52c98749b68470b90bd130229ded417@gmail.com,cuiimtdefuser350a54326ca6405cb45f5f909835cb67@gmail.com,Password12!,1790248033274934
cuiimtclaimantuser28c8b13760494d2cbb59d203fc701403@gmail.com,cuiimtdefuser8b73a58bf89f410493f66302f32af51e@gmail.com,Password12!,1790248054450165
cuiimtclaimantuserdf6ad4afdc984b8283ed852cd09f8394@gmail.com,cuiimtdefuserbdf4d86535d646a5a8920cc21f87fe19@gmail.com,Password12!,1790248039622268
cuiimtclaimantuser1a7b0ed569d042dd9d7461d2c01f49d3@gmail.com,cuiimtdefuser5e1bf104e90f4d00b63134020d9c07cf@gmail.com,Password12!,1790248063842220
cuiimtclaimantuser9dfab0d25e804b0db2a5e64a2123c4fe@gmail.com,cuiimtdefuserf5dc1a4fbab742c38d3c3fe5f2c2cf35@gmail.com,Password12!,1790248058472462
cuiimtclaimantuser0e32bf0607484162a9535ebf9fb90343@gmail.com,cuiimtdefuseredd7744cce194ce9bf7820454eb8e624@gmail.com,Password12!,1790248056321760
cuiimtclaimantuser97ca7b6943264afab22573bdc52722b0@gmail.com,cuiimtdefuser9af970e78a204780ba2825c99d7ef970@gmail.com,Password12!,1790248077903703
cuiimtclaimantuserce8980c661784293a740d60540bad23c@gmail.com,cuiimtdefuser7afb852682a641febf4fb237e6626ef5@gmail.com,Password12!,1790248086366124
cuiimtclaimantuser71cd923cf2d7466a9707b2166dc1491e@gmail.com,cuiimtdefuserae33b1c552b14f75b20fe37a20865243@gmail.com,Password12!,1790248109033685
cuiimtclaimantuserd9224f2e9a1f42f09a0a698edb5b780b@gmail.com,cuiimtdefuser02320c2d775a4a4bbe8cd3f7017a76ce@gmail.com,Password12!,1790248093406129
cuiimtclaimantuser63e4e75083d64377b5139d2ec5952264@gmail.com,cuiimtdefuserc6a169cda61d4646ae22d331116bfc92@gmail.com,Password12!,1790248144564736
cuiimtclaimantuseraefaecd1aa9e471d926fa2647438f4db@gmail.com,cuiimtdefuserbba74eac95f74d2ba8037a253321063c@gmail.com,Password12!,1790673167372826
cuiimtclaimantuserca642c8e32a044a39696dfd71e05f557@gmail.com,cuiimtdefuserb8b9baac78c043b8aad6f514ef4f7fa7@gmail.com,Password12!,1790673453890663
cuiimtclaimantuserfe95460065b1415e800b9b1142d3ae03@gmail.com,cuiimtdefuser4dce41afefe74ecfaa6ee99e287e5e33@gmail.com,Password12!,1790673601710565
cuiimtclaimantuser28dedba6c8ae43e3b2d248112c04a720@gmail.com,cuiimtdefuser6ab4c8c8343a4331ab8474aa93238185@gmail.com,Password12!,1790673619007640
cuiimtclaimantuserb4d9412790594b8388a1176e88c74a2d@gmail.com,cuiimtdefusere83e3b697aa1490c9c279a703d065129@gmail.com,Password12!,1790673669502615
cuiimtclaimantuser95b702ed6fab4fb4a24b6d6264089729@gmail.com,cuiimtdefuser95e384ffb38c4decbb4ababbab192a88@gmail.com,Password12!,1790673672326473
cuiimtclaimantuser614f30c55fb549f49c5a4d556486aca3@gmail.com,cuiimtdefusera834768f7a234a248fa41614c8f495e3@gmail.com,Password12!,1790673773483363
cuiimtclaimantuser40de219364a84f2292c280a29d9abb2d@gmail.com,cuiimtdefuser8368395d8dd54c778e7b4d7ff6fe3966@gmail.com,Password12!,1790673764326449
cuiimtclaimantuser7a213acd4aef479ca0d6c1da07065ac1@gmail.com,cuiimtdefuser6af9e8e2a1054a35b9e533d659aef012@gmail.com,Password12!,1790673813844434
cuiimtclaimantuser66873ca1cdbf4544a8ce30e80f2561a3@gmail.com,cuiimtdefuserc185721886384e92852d2775bf723e26@gmail.com,Password12!,1790673850169356
cuiimtclaimantuser1f797f7cc7b54cadb28612908d94b143@gmail.com,cuiimtdefuser79e4e73f3cdb4855956a2923e5c96a7f@gmail.com,Password12!,1790673849928904
cuiimtclaimantuser2ccd1254508842448c76e47dcae07b8d@gmail.com,cuiimtdefuser119a13f9b8444c69983f98d38d67e27e@gmail.com,Password12!,1790673849108549
cuiimtclaimantuser39bf4a61c809435cbb491053968aeb35@gmail.com,cuiimtdefuserc868b0cb89444eacb8c79b941ad5cf17@gmail.com,Password12!,1790673896151079
cuiimtclaimantuser3167bd35be9141cf8bf553c97bc23290@gmail.com,cuiimtdefusereba9624356a74a79a466c15cfd72397b@gmail.com,Password12!,1790673915802835
cuiimtclaimantuser4ee55e689d534567ae16b2935bfac4e4@gmail.com,cuiimtdefuser8213c3e6f99b4d9e90e6c673c3e2acdb@gmail.com,Password12!,1790673924330315
cuiimtclaimantuser5d251817935f457fb89f23d2d695e379@gmail.com,cuiimtdefuser314c6195eb52481d9ad0862eb2496437@gmail.com,Password12!,1790673931402081
cuiimtclaimantuser190c1851779a4f64af641c7994870c3f@gmail.com,cuiimtdefuserd6ee597e6096497c8be7a91209d50606@gmail.com,Password12!,1790673936655311
cuiimtclaimantuser9ce18bf602f243c3ab13df91d6b4096c@gmail.com,cuiimtdefuser134a695aba254d3eaf0c315cd23e58d2@gmail.com,Password12!,1790673944572300
cuiimtclaimantuser149cbd1793294e3ead6d579c08afaef6@gmail.com,cuiimtdefuser70669b38b1624c119b0d85309ed7ce3f@gmail.com,Password12!,1790673940815232
cuiimtclaimantusera4c3a6fd8a974b2ab1dd049e8a5891c7@gmail.com,cuiimtdefuser5529b938ebdc485aa4778b294e179def@gmail.com,Password12!,1790673957276104
cuiimtclaimantuser46856ee632174333902de12584bd305e@gmail.com,cuiimtdefuser24cb149598ff42389efb3ac5fa54d96a@gmail.com,Password12!,1790673955772567
cuiimtclaimantuserc45a7c8fd624456facadee8672e3ae8b@gmail.com,cuiimtdefuser79709e9589c5403da9f9b7e3d0bf4e6e@gmail.com,Password12!,1790673981437623
cuiimtclaimantuseradade607f5b34aa8874cff8f305f2349@gmail.com,cuiimtdefuser7a3053a438b4426a895e760af27d9b59@gmail.com,Password12!,1790673988882888
cuiimtclaimantuserac570caa3ec746698283028847099c80@gmail.com,cuiimtdefuser1c327edb668c40c9bc25c7fc46a57bbe@gmail.com,Password12!,1790674007844438
cuiimtclaimantuserd58ba9da36574a519d12fe4b04105abb@gmail.com,cuiimtdefuser8437981a10fe4af8b4ac24efda441cca@gmail.com,Password12!,1790674001557044
cuiimtclaimantusera05937d0780548c887dceae6569b4a5c@gmail.com,cuiimtdefuser65daf9d7807b4169b9642f4148680577@gmail.com,Password12!,1790674014185106
cuiimtclaimantuser037cf64bbd8e459e902031d54330072d@gmail.com,cuiimtdefuser520d295ea2284956aa7fc3c8f0b80ef1@gmail.com,Password12!,1790674014962314
cuiimtclaimantuser8772650e2d83469b96a6476aa53371ed@gmail.com,cuiimtdefuserc30a045c529d4f84ac0f06ac999ec291@gmail.com,Password12!,1790674015893716
cuiimtclaimantuser042d99a01a834763813215bfcd146562@gmail.com,cuiimtdefuserfd7d11e684f64dfcaacd41ca67915dc0@gmail.com,Password12!,1790674017676424
cuiimtclaimantuser4ed98e40f24546e087f25ff9984a6f8f@gmail.com,cuiimtdefuserbb27c92316394a93aca49fdeb79c0d6e@gmail.com,Password12!,1790674020713404
cuiimtclaimantuser06512383b6c34d2bafd56bcf305cb125@gmail.com,cuiimtdefuserc3ef620c2a984b829635371a8ca087aa@gmail.com,Password12!,1790674031706736
cuiimtclaimantuserb1f5bd1bad784c2da611f29353797474@gmail.com,cuiimtdefuser7d1b62b82abd439e92f6b89e5187ead6@gmail.com,Password12!,1790674016028015
cuiimtclaimantusercb532cea80be4a5ca2ae5f5b4114deb6@gmail.com,cuiimtdefuser4fef527d7659477996995006e3582ac1@gmail.com,Password12!,1790674116530860
